,area,rooms,parking,bathrooms,lat,lon,price
2,124,4,3,3,-23.1979166,-45.9113619,1090000
4,104,3,2,3,-23.2012499,-45.8834841,590000
5,60,2,1,2,-23.214223,-45.851209,300000
6,80,2,2,2,-23.2038811,-45.9021055,848500
7,65,2,1,2,-23.2267306,-45.9036805,515000
11,42,2,1,2,-23.2319718,-45.8942925,300000
15,278,3,4,5,-23.2082214,-45.9083253,3500000
17,233,4,3,5,-23.2034236,-45.9105214,2700000
18,194,3,3,5,-23.2127421,-45.9069145,2160000
20,57,2,2,2,-23.1966424,-45.8804728,365000
21,94,3,2,2,-23.2461706,-45.9154222,860000
22,70,3,1,2,-23.258028,-45.881022,459900
24,84,3,2,2,-23.1767396,-45.8279302,372341
25,60,2,1,2,-23.1417569,-45.7825794,380000
26,56,2,1,1,-23.1959281,-45.8649342,285000
28,59,2,2,2,-23.1966424,-45.8804728,385000
29,85,3,1,2,-23.2380792,-45.9010799,488000
30,176,3,3,5,-23.2057437,-45.9034166,1600000
32,98,2,2,3,-23.2190993,-45.9082337,1700000
34,61,2,1,2,-23.2210113,-45.8861064,400000
37,74,2,1,2,-23.2216165,-45.8990302,425000
39,62,2,1,2,-23.1780209,-45.8803006,369430
42,84,2,1,2,-23.1417569,-45.7825794,520000
47,135,3,3,4,-23.2327074,-45.9275569,1350000
48,55,2,1,2,-23.2534054,-45.9166353,550000
50,60,2,1,2,-23.2285629,-45.8969811,417000
52,58,2,1,1,-23.1524341,-45.9119804,190000
53,61,2,1,2,-23.2307302,-45.8975618,427000
54,95,1,2,2,-23.2157422,-45.9060993,980000
56,59,2,1,1,-23.1775485,-45.8397078,285000
57,60,3,2,2,-23.2629313,-45.8910605,435000
58,66,2,1,2,-23.2501304,-45.9122459,410000
61,189,4,2,5,-23.2058824,-45.9025149,1350000
62,110,3,2,3,-23.2071612,-45.9009565,1200000
63,74,3,1,2,-23.2213004,-45.8883248,475000
64,63,2,2,2,-23.1872533,-45.8692293,320000
65,66,2,1,1,-23.1755961,-45.813336,337710
66,54,2,1,1,-23.2505639,-45.8914715,270000
67,63,3,1,1,-23.25223225,-45.89789004270463,320000
68,44,2,1,1,-23.1961965,-45.8841151,298500
69,70,2,1,2,-23.2563576,-45.9119822,467000
70,70,3,2,2,-23.2568922,-45.8853581,459900
75,147,3,3,4,-23.2057437,-45.9034166,1965000
76,133,2,2,3,-23.2092982,-45.9032947,1500000
77,51,1,1,1,-23.2190226,-45.908767,680000
78,45,2,1,1,-23.1853312,-45.8543047,220000
81,52,2,1,1,-23.2859372,-45.9006658,255000
82,56,2,1,1,-23.2434773,-45.9058528,285000
84,72,2,1,2,-23.2629313,-45.8910605,447000
86,52,2,1,1,-23.2227325,-45.8949678,355000
87,52,2,1,1,-23.2466231,-45.8948605,280000
89,65,2,2,2,-23.2292595,-45.9159415,479000
90,124,3,2,4,-23.1979166,-45.9113619,1350000
92,156,4,3,3,-23.2327074,-45.9275569,1400000
93,58,2,1,2,-23.1909379,-45.886436,430000
94,69,2,2,1,-23.2153165,-45.9095676,823485
95,47,2,1,1,-23.1768395,-45.851599,267000
96,68,2,1,1,-23.1767396,-45.8279302,300000
97,60,2,1,2,-23.2308616,-45.8942314,360000
98,50,2,1,1,-23.2400181,-45.9134951,300000
100,40,1,1,1,-23.2052682,-45.8881552,320000
101,124,4,2,3,-23.2629313,-45.8910605,867000
103,65,2,1,2,-23.2267306,-45.9036805,600000
104,78,3,1,2,-23.2154269,-45.908121,723000
106,245,4,3,5,-23.2082214,-45.9083253,2600000
108,73,2,1,2,-23.2112762,-45.8525394,415000
109,60,3,2,2,-23.2629313,-45.8910605,435000
110,78,3,2,2,-23.2629313,-45.8910605,500000
112,116,3,2,3,-23.2221126,-45.9095335,1450000
113,33,1,1,1,-23.1956647,-45.8937347,237414
114,58,2,1,1,-23.2402544,-45.8933781,400000
115,51,2,1,2,-23.1827844,-45.9503959,450000
116,52,2,1,2,-23.218442,-45.850115,372000
117,65,2,1,2,-23.2267306,-45.9036805,600000
118,62,2,1,2,-22.8927416,-45.3786132,515000
119,65,3,2,2,-23.2629313,-45.8910605,478750
121,150,3,2,5,-23.2071612,-45.9009565,1540000
122,110,3,2,3,-23.2071612,-45.9009565,1199000
123,78,3,2,2,-23.2265205,-45.8968879,580000
124,81,2,2,2,-23.2351577,-45.9140475,605000
126,61,2,1,2,-23.2307302,-45.8975618,440000
128,54,2,1,2,-23.2341234,-45.9256624,427078
129,58,2,1,2,-23.2502173,-45.9170663,398000
133,33,1,1,1,-23.1956647,-45.8937347,237414
134,67,2,2,2,-23.2436303,-45.9132175,450000
135,76,2,1,2,-23.2092982,-45.9032947,950000
137,233,4,3,5,-23.2002824,-45.8940021,3180000
140,63,2,1,2,-23.2340199,-45.90173,395500
143,60,2,1,2,-23.2308616,-45.8942314,360000
144,48,2,1,1,-23.2456094,-45.824975,250000
147,48,2,1,1,-23.2349354,-45.9160047,265000
148,85,3,2,3,-23.1841579,-45.9547335,439446
149,170,4,3,5,-23.2071612,-45.9009565,1700000
150,49,2,1,1,-23.2341234,-45.9256624,385000
151,128,4,2,4,-23.2071612,-45.9009565,1250000
152,43,2,1,1,-23.2082751,-45.7837267,265000
153,73,2,1,2,-23.2112762,-45.8525394,415000
155,52,2,1,2,-23.218442,-45.850115,375000
158,46,2,1,1,-23.2349354,-45.9160047,298000
159,78,3,2,2,-23.2311239,-45.9066157,550000
171,33,1,1,1,-23.1956647,-45.8937347,237414
172,105,4,2,3,-23.2206945,-45.9101028,910000
173,47,2,1,1,-23.1768395,-45.851599,267000
176,68,2,1,1,-23.2029298,-45.8920947,400000
177,65,2,1,2,-23.2267306,-45.9036805,600000
178,65,2,1,2,-23.2453203,-45.8879353,425000
180,64,2,1,2,-23.2388871,-45.9070677,475000
181,100,2,2,3,-23.2341234,-45.9256624,890000
182,45,2,1,1,-23.2434773,-45.9058528,260000
183,112,3,2,3,-23.2153165,-45.9095676,950000
185,92,3,2,3,-23.2131162,-45.9078311,780000
186,48,2,1,1,-23.2341234,-45.9256624,390000
187,122,4,2,4,-23.2341234,-45.9256624,1170000
188,50,2,1,2,-23.1843507,-45.9497004,385000
189,278,4,3,6,-23.2082214,-45.9083253,3400000
190,90,3,2,3,-23.1970039,-45.9084535,890000
192,88,2,2,2,-23.1982391,-45.8931441,990000
193,74,3,1,2,-23.1955825,-45.8890806,415000
197,76,3,2,1,-23.1909379,-45.886436,430000
198,94,3,2,2,-23.2190226,-45.908767,760000
199,34,1,3,1,-23.1979166,-45.9113619,423153
202,75,2,2,2,-23.2341234,-45.9256624,740000
203,65,2,2,2,-23.2168256,-45.904412,695000
204,81,3,1,2,-23.2351577,-45.9140475,570000
208,54,2,1,2,-23.2028942,-45.950933,479000
209,90,2,2,1,-23.2228195,-45.9104962,900000
213,46,2,1,1,-23.2165405,-45.8512413,230000
214,50,2,1,1,-23.256849,-45.8316624,202000
215,58,2,1,2,-23.2499985,-45.9083387,340000
216,63,2,1,2,-23.2502173,-45.9170663,437000
217,70,3,1,2,-23.1775485,-45.8397078,372000
218,96,3,2,3,-23.2151853,-45.9090412,1100000
219,63,2,1,2,-23.2041152,-45.8853984,490000
220,62,2,1,2,-23.2402544,-45.8933781,385000
221,40,1,1,1,-23.2052682,-45.8881552,320000
224,183,4,3,6,-23.2151853,-45.9090412,1700000
227,74,3,1,1,-23.2200575,-45.8896572,560000
228,96,3,1,2,-23.2043397,-45.8882488,520000
229,50,2,1,2,-23.2432353,-45.8932115,390000
230,116,4,2,3,-23.2629313,-45.8910605,640000
232,68,2,2,2,-23.2308616,-45.8942314,480000
233,33,1,1,1,-23.1985042,-45.9128647,420000
234,110,3,2,3,-23.2629313,-45.8910605,520000
235,143,3,2,3,-23.2221126,-45.9095335,1750000
237,186,4,3,6,-23.2151853,-45.9090412,1400000
238,81,3,2,2,-23.1946478,-45.8805902,658000
241,95,3,2,2,-23.2131162,-45.9078311,850000
242,92,3,2,3,-23.2131162,-45.9078311,780000
243,48,2,1,1,-23.2341234,-45.9256624,390000
244,122,4,2,4,-23.2341234,-45.9256624,1170000
245,50,2,1,2,-23.1843507,-45.9497004,385000
246,278,4,3,6,-23.2082214,-45.9083253,3400000
248,54,2,1,2,-23.2380792,-45.9010799,340000
249,58,2,2,2,-23.2008318,-45.8830378,750000
250,48,2,1,1,-23.2645046,-45.8897409,245000
251,75,2,2,2,-23.2341234,-45.9256624,740000
252,60,2,1,2,-23.2380792,-45.9010799,410000
253,114,4,2,3,-23.2629313,-45.8910605,615000
254,142,3,2,4,-23.2327074,-45.9275569,1600000
256,233,4,3,5,-23.2034236,-45.9105214,2700000
257,98,3,1,2,-23.2308616,-45.8942314,650000
258,66,2,1,2,-23.2285629,-45.8969811,450000
260,50,2,1,1,-23.2505934,-45.8275902,255000
262,62,2,2,1,-23.2202195,-45.8937188,487000
264,89,3,2,2,-23.2534054,-45.9166353,795000
265,73,3,2,2,-23.2105138,-45.8514249,430000
266,62,2,1,2,-23.2400181,-45.9134951,553000
267,46,2,1,1,-23.2165405,-45.8512413,235000
268,55,2,1,2,-23.177608,-45.859793,405000
269,105,4,2,3,-23.2210113,-45.8861064,692000
270,63,2,1,2,-23.2041152,-45.8853984,440000
271,106,3,2,3,-23.2198567,-45.8913555,975200
272,103,4,2,3,-23.2534054,-45.9166353,794900
274,61,2,1,2,-23.2307302,-45.8975618,450000
275,75,3,1,1,-23.2200324,-45.8872035,410000
276,51,2,1,1,-23.202293,-45.906894,435000
277,122,3,2,3,-23.2153165,-45.9095676,1170000
279,83,3,2,2,-23.2221126,-45.9095335,796900
280,75,2,2,2,-23.2487836,-45.8925307,490000
281,75,2,2,2,-23.2190226,-45.908767,827000
282,103,3,2,2,-23.2153165,-45.9095676,915000
283,194,3,3,4,-23.2127421,-45.9069145,2150000
287,48,2,1,1,-23.1698499,-45.7893012,190000
288,103,3,2,2,-23.2153165,-45.9095676,915100
290,72,2,2,2,-23.2043732,-45.8959331,798000
291,54,2,1,1,-23.2028182,-45.9003141,460000
292,74,3,1,2,-23.2221126,-45.9095335,640000
293,51,2,1,2,-23.2432353,-45.8932115,365000
294,103,3,2,3,-23.2052682,-45.8881552,680000
295,55,2,1,2,-23.2534054,-45.9166353,475000
297,61,2,1,2,-23.2473088,-45.8854256,390000
298,51,2,1,1,-23.1961965,-45.8841151,350000
299,100,2,2,3,-23.2341234,-45.9256624,960000
300,133,3,2,3,-23.2082214,-45.9083253,1700000
302,60,3,1,2,-23.2514089,-45.8898838,300000
303,72,3,1,2,-23.1417569,-45.7825794,510000
306,167,3,2,4,-23.2082214,-45.9083253,2050000
310,48,2,1,1,-23.2341234,-45.9256624,380000
313,85,3,2,2,-23.2281635,-45.8793978,698000
314,90,3,2,2,-23.2629313,-45.8910605,795000
315,115,4,2,3,-23.2205233,-45.9051222,765000
320,72,2,1,1,-23.1903996,-45.8891452,420000
321,96,3,2,3,-23.2151853,-45.9090412,1100000
322,65,2,1,1,-23.2319718,-45.8942925,371000
324,60,2,1,2,-23.2499985,-45.9083387,395000
326,114,4,2,3,-23.2629313,-45.8910605,615000
327,38,1,1,1,-23.2052682,-45.8881552,320000
328,78,3,1,2,-23.1853312,-45.8543047,470000
329,67,2,2,2,-23.2043732,-45.8959331,790000
330,77,2,2,2,-23.2629313,-45.8910605,600000
331,67,3,1,2,-23.2534054,-45.9166353,398000
332,77,2,2,2,-23.2629313,-45.8910605,600000
333,50,2,2,1,-23.2127421,-45.9069145,750000
334,75,3,2,2,-23.1774234,-45.8623515,385000
335,96,3,2,3,-23.2228195,-45.9104962,1150000
337,75,2,2,2,-23.1956647,-45.8937347,850000
338,95,3,2,3,-23.2190226,-45.908767,798000
339,94,3,2,2,-23.2166401,-45.907289,750000
340,80,3,1,2,-23.2210113,-45.8861064,480000
341,54,2,1,1,-22.8927416,-45.3786132,375000
342,103,4,2,3,-23.2052682,-45.8881552,640000
343,76,2,1,2,-23.2013346,-45.9462429,585999
344,278,3,4,5,-23.2082214,-45.9083253,3500000
345,75,2,2,2,-23.1956647,-45.8937347,955000
346,143,3,2,3,-23.2221126,-45.9095335,1600000
347,92,3,2,2,-23.2629313,-45.8910605,780000
349,63,2,1,2,-23.1827844,-45.9503959,424000
350,75,2,1,2,-23.2311239,-45.9066157,552914
351,33,1,1,1,-23.1979166,-45.9113619,420300
355,86,3,2,2,-23.1417569,-45.7825794,550000
356,63,2,1,2,-23.2041152,-45.8853984,487600
357,85,2,2,3,-23.2049539,-45.9015195,922000
358,158,4,4,4,-23.1987975,-45.9352675,1434200
360,125,3,2,3,-23.2228195,-45.9104962,1390000
362,100,3,2,2,-23.2198567,-45.8913555,900000
363,95,3,2,2,-23.253497,-45.8829921,670000
364,108,2,2,2,-23.2534054,-45.9166353,650000
365,50,1,1,1,-23.2067366,-45.9103019,465136
366,78,3,1,2,-23.1853312,-45.8543047,470000
367,75,2,2,2,-23.2341234,-45.9256624,719000
368,167,3,2,5,-23.2082214,-45.9083253,2360000
369,100,3,2,2,-23.2505639,-45.8914715,500000
370,56,2,1,1,-23.2434773,-45.9058528,275000
371,67,3,1,2,-23.1805844,-45.8471383,362000
373,59,2,1,1,-23.2402544,-45.8933781,409892
377,92,2,2,2,-23.1956647,-45.8937347,1138836
378,210,4,3,5,-23.2035631,-45.8969895,1900000
379,56,2,1,1,-23.2434773,-45.9058528,285000
380,61,2,1,2,-23.2202839,-45.9064383,598000
381,74,3,2,2,-23.2415541,-45.9145547,477000
382,48,2,1,1,-23.2341234,-45.9256624,320000
383,63,2,1,1,-23.2308616,-45.8942314,450000
384,55,2,1,2,-23.2534054,-45.9166353,395000
385,62,2,2,2,-23.2417591,-45.8945046,400000
387,133,3,3,3,-23.2327074,-45.9275569,1385000
390,82,3,2,2,-23.2161228,-45.8885458,555000
391,87,2,2,3,-23.2078926,-45.8966025,1100000
392,142,3,2,2,-23.2296359,-45.8246352,1437000
393,74,3,1,2,-23.2213004,-45.8883248,475000
394,64,3,1,1,-23.2233825,-45.8847575,350000
395,142,3,2,4,-23.2140071,-45.841297,650000
397,75,3,1,2,-23.1853312,-45.8543047,450000
398,220,4,3,5,-23.2034236,-45.9105214,2332000
399,110,3,2,3,-23.2071612,-45.9009565,670000
401,61,2,1,1,-23.2202839,-45.9064383,598000
402,63,1,1,2,-23.2041152,-45.8853984,480000
403,57,2,1,2,-23.2308616,-45.8942314,324000
404,77,2,2,2,-23.2629313,-45.8910605,600000
405,57,1,2,1,-23.2092982,-45.9032947,750000
406,57,1,2,2,-23.2092982,-45.9032947,745000
408,52,2,1,1,-23.1982391,-45.8827334,380000
410,102,3,3,3,-23.2327074,-45.9275569,930000
411,84,3,2,2,-23.2276655,-45.9184689,545000
412,54,2,1,1,-23.2028182,-45.9003141,460000
413,89,2,2,2,-23.2534054,-45.9166353,700000
414,52,2,1,1,-23.1836107,-45.8043034,245000
415,98,3,2,2,-23.237943,-45.9011183,584000
417,52,2,1,1,-23.2264164,-45.8945991,360000
421,110,3,2,3,-23.2071612,-45.9009565,1199000
422,150,3,3,5,-23.2188486,-45.9097772,1889500
423,110,3,2,2,-23.2052682,-45.8881552,670000
424,58,2,2,2,-23.1979166,-45.9113619,616000
425,86,3,2,2,-23.2131162,-45.9078311,645000
426,56,2,1,2,-23.177608,-45.859793,421001
428,60,2,1,2,-23.1841579,-45.9547335,419900
429,104,3,2,3,-23.2265205,-45.8968879,790000
430,77,3,2,2,-23.2629313,-45.8910605,535000
432,53,1,1,1,-23.2034889,-45.8845846,320000
433,74,3,1,2,-23.2213004,-45.8883248,475000
434,233,4,3,5,-23.2034236,-45.9105214,2700000
435,233,4,3,5,-23.2002824,-45.8940021,3000000
438,150,3,1,2,-23.1924655,-45.8963467,700000
440,69,3,2,2,-23.2499985,-45.9083387,430000
443,70,3,1,2,-23.258028,-45.881022,459000
445,104,3,2,3,-23.2265205,-45.8968879,850000
446,120,3,1,3,-23.1968045,-45.8943248,1150000
447,68,3,1,2,-23.225225,-45.8971092,445001
448,52,2,1,2,-23.2341477,-45.9050416,390000
450,122,3,2,2,-23.2341234,-45.9256624,1230000
454,54,2,1,1,-23.2505639,-45.8914715,296800
455,71,2,2,2,-23.1985042,-45.9128647,945780
456,116,3,1,1,-23.2319718,-45.8942925,769000
459,56,2,1,1,-23.2402544,-45.8933781,369000
460,92,3,2,2,-23.2267306,-45.9036805,685000
461,72,3,1,2,-23.2265205,-45.8968879,599000
462,54,2,1,1,-23.2233825,-45.8847575,360000
463,82,1,2,2,-23.1985042,-45.9128647,744000
464,69,2,2,2,-23.2341477,-45.9050416,550000
465,55,2,1,2,-23.2534054,-45.9166353,525000
466,57,1,2,2,-23.2092982,-45.9032947,745000
468,90,3,2,1,-23.2228195,-45.9104962,974460
470,65,2,1,2,-23.253497,-45.8829921,446000
472,74,3,1,2,-23.2213004,-45.8883248,475000
475,89,3,2,2,-23.2052682,-45.8881552,725000
476,50,2,1,1,-23.214223,-45.851209,280000
477,75,3,2,2,-23.2221126,-45.9095335,780000
478,44,1,1,1,-23.2223764,-45.8856605,330000
479,233,4,3,5,-23.2002824,-45.8940021,3180000
482,122,3,1,2,-23.1835214,-45.8878957,515000
483,123,4,2,2,-23.2629313,-45.8910605,797000
487,72,4,1,3,-23.2455112,-45.8846834,580000
491,84,3,1,2,-23.2340199,-45.90173,585000
493,56,2,1,2,-23.2502173,-45.9170663,446000
494,143,3,2,3,-23.2221126,-45.9095335,1600000
495,194,3,3,5,-23.2127421,-45.9069145,2300000
496,67,2,1,2,-23.2436303,-45.9132175,450000
499,77,3,2,2,-23.2267306,-45.9036805,590000
500,68,2,2,2,-23.2308616,-45.8942314,435000
501,65,2,1,1,-23.2308616,-45.8942314,400000
504,144,4,3,5,-23.2081295,-45.8916807,1380000
505,78,1,1,2,-23.2157422,-45.9060993,950000
506,278,4,3,6,-23.2082214,-45.9083253,3058000
508,60,2,1,2,-23.1841579,-45.9547335,419900
509,41,1,2,1,-23.2082214,-45.9083253,380000
512,60,2,2,1,-23.1970039,-45.9084535,450000
513,125,3,1,2,-23.1856422,-45.8843941,480000
514,293,3,3,3,-23.2035631,-45.8969895,2500000
515,56,2,1,2,-23.2402544,-45.8933781,349900
516,72,2,2,2,-23.1953887,-45.8927812,855000
517,48,2,1,1,-23.1745967,-45.7865609,199000
518,56,2,1,1,-23.1961965,-45.8841151,405000
520,50,2,1,1,-23.256849,-45.8316624,202000
521,70,2,2,2,-23.2092982,-45.9032947,570000
523,70,3,2,2,-23.2534054,-45.9166353,554036
524,156,3,3,4,-23.2327074,-45.9275569,1330000
525,124,4,3,3,-23.1979166,-45.9113619,1090000
526,278,4,4,4,-23.2082214,-45.9083253,3500000
527,63,2,1,2,-23.2360898,-45.9078061,385000
528,38,1,1,1,-23.2052682,-45.8881552,300000
529,52,2,1,2,-23.1827844,-45.9503959,426000
530,233,4,3,6,-23.2002824,-45.8940021,2800000
531,78,3,2,2,-23.2154269,-45.908121,723000
533,33,1,1,1,-23.1979166,-45.9113619,430000
534,50,2,1,1,-23.2223764,-45.8856605,320000
535,70,3,1,2,-23.2012499,-45.8834841,670000
537,48,2,1,1,-23.2629313,-45.8910605,265000
541,180,4,3,6,-23.2151853,-45.9090412,1827000
542,97,3,2,2,-23.1976423,-45.8819124,829000
544,74,3,1,2,-23.1775485,-45.8397078,352000
545,63,2,1,2,-23.1954377,-45.887903,400000
546,66,2,1,1,-23.1761487,-45.8788448,349000
547,81,3,1,2,-23.2351577,-45.9140475,570000
548,111,3,2,2,-23.1976423,-45.8819124,770000
549,105,3,2,3,-23.2629313,-45.8910605,590000
550,53,2,2,2,-23.1982391,-45.8827334,450000
555,133,4,2,4,-23.2154269,-45.908121,1300000
558,45,2,1,1,-23.1737442,-45.8471662,336000
559,92,3,2,3,-23.1956647,-45.8937347,1050000
560,80,3,1,2,-23.2502173,-45.9170663,539999
561,52,2,1,2,-23.218442,-45.850115,329899
562,73,2,2,2,-23.2038811,-45.9021055,890000
564,160,3,2,1,-23.2170569,-45.9088967,2015000
565,49,2,1,1,-23.2419875,-45.895779,300000
566,220,4,3,5,-23.2067195,-45.9024486,1397000
567,53,2,1,1,-23.2572039,-45.9110891,220000
568,76,3,2,2,-23.2052682,-45.8881552,719900
569,64,2,1,2,-23.2388871,-45.9070677,475000
570,60,2,1,1,-23.2380792,-45.9010799,420000
571,50,2,1,1,-23.221191,-45.8893811,320000
572,255,5,5,5,-23.2131162,-45.9078311,1849900
573,107,4,2,3,-23.2206945,-45.9101028,955000
574,78,3,1,2,-23.185844,-45.8684832,320000
575,98,3,2,3,-23.2071612,-45.9009565,575000
576,90,3,1,2,-23.237943,-45.9011183,580000
577,90,3,1,2,-23.1846367,-45.8600303,380000
578,75,2,1,2,-23.2319718,-45.8942925,429000
579,62,2,1,1,-23.221044,-45.909243,565000
580,58,2,2,2,-23.1979166,-45.9113619,587353
581,78,2,2,2,-23.2160733,-45.9093275,765000
585,120,4,2,3,-23.2629313,-45.8910605,900000
586,194,3,3,5,-23.2127421,-45.9069145,2160000
587,77,3,2,2,-23.2092982,-45.9032947,549999
589,118,3,2,3,-23.1987975,-45.9352675,1100000
590,55,2,1,2,-23.2534054,-45.9166353,450000
591,75,2,2,2,-23.1976423,-45.8819124,599000
592,49,2,1,1,-23.2456094,-45.824975,260000
593,56,2,50,2,-23.2402544,-45.8933781,369900
595,142,3,2,4,-23.2140071,-45.841297,650000
598,60,2,1,1,-23.1947609,-45.9334296,419900
600,125,3,2,3,-23.2228195,-45.9104962,1390000
601,64,3,1,2,-23.2402544,-45.8933781,419900
602,106,3,2,3,-23.2028942,-45.950933,540000
603,75,3,1,2,-23.2200575,-45.8896572,585000
604,72,1,1,2,-23.2190993,-45.9082337,665000
605,91,3,2,2,-23.1970039,-45.9084535,830000
606,79,2,1,1,-23.2311239,-45.9066157,522000
607,68,2,1,1,-23.1767396,-45.8279302,300000
608,85,3,1,2,-23.1909379,-45.886436,425500
609,55,2,1,1,-23.2344627,-45.907685,340000
610,58,2,1,2,-23.1987975,-45.9352675,399901
611,75,2,2,2,-23.2341234,-45.9256624,740000
612,33,1,1,1,-23.1956647,-45.8937347,233734
613,69,2,2,2,-23.1417569,-45.7825794,420000
614,109,3,2,2,-23.2202839,-45.9064383,1380000
615,63,2,1,2,-23.2534054,-45.9166353,745000
616,180,3,3,5,-23.2071612,-45.9009565,1990000
620,84,4,2,2,-23.2213004,-45.8883248,700000
621,72,3,2,1,-23.2041152,-45.8853984,695000
622,120,4,2,4,-23.2052682,-45.8881552,1000000
623,52,2,1,1,-23.2264164,-45.8945991,378000
624,65,2,1,1,-23.2308616,-45.8942314,425500
625,75,2,2,2,-23.2341234,-45.9256624,719000
626,54,2,1,1,-23.2602632,-45.9113258,375000
627,44,2,1,1,-23.2502173,-45.9170663,330000
628,105,3,2,2,-23.2027939,-45.8950075,950000
629,120,3,2,4,-23.2038811,-45.9021055,1580000
630,67,2,1,2,-23.2436303,-45.9132175,450000
631,65,2,1,2,-23.2267306,-45.9036805,535000
635,60,2,1,2,-23.1841579,-45.9547335,419900
636,53,2,1,2,-23.1827844,-45.9503959,435000
639,120,3,1,2,-23.2200324,-45.8872035,450000
640,49,2,1,2,-23.2502173,-45.9170663,445000
641,74,3,1,2,-23.2213004,-45.8883248,420000
642,106,3,2,3,-23.2198567,-45.8913555,975200
643,52,2,1,2,-23.214223,-45.851209,309900
644,120,3,2,4,-23.2038811,-45.9021055,1650000
645,45,2,1,1,-23.2324573,-45.8781391,350000
649,92,3,2,2,-23.1956647,-45.8937347,1150000
652,65,2,1,2,-23.2267306,-45.9036805,535000
656,143,3,2,4,-23.2221126,-45.9095335,1698000
658,65,2,1,2,-23.1841579,-45.9547335,450500
659,156,3,3,4,-23.2327074,-45.9275569,1700000
662,65,2,2,2,-23.2534054,-45.9166353,515000
663,54,2,1,2,-23.2240746,-45.9180774,405651
665,114,4,2,3,-23.2205233,-45.9051222,727000
670,48,2,1,1,-23.2629313,-45.8910605,265000
671,118,3,2,2,-23.195717,-45.8906907,770000
674,60,2,1,1,-23.2380792,-45.9010799,420000
675,233,4,3,5,-23.2034236,-45.9105214,2700000
679,70,3,2,2,-23.2008318,-45.8830378,900000
681,70,2,2,2,-23.2409567,-45.914431,600000
682,114,2,3,4,-23.2087038,-45.8998756,1150000
683,93,3,2,3,-23.2038811,-45.9021055,1182092
684,56,2,1,2,-23.2008318,-45.8830378,530000
685,46,2,1,1,-23.2094966,-45.8519997,272000
686,52,2,1,1,-23.2400181,-45.9134951,285000
687,65,3,1,2,-23.225225,-45.8971092,380000
688,63,2,1,1,-23.2035631,-45.8969895,421000
691,120,4,2,4,-23.2261461,-45.9074786,1715839
692,103,3,2,3,-23.2052682,-45.8881552,670000
693,47,2,1,1,-23.2400181,-45.9134951,297000
694,55,2,1,2,-23.258028,-45.881022,359904
695,54,2,1,1,-23.2505639,-45.8914715,270000
696,45,2,1,1,-23.1853312,-45.8543047,235000
697,72,3,1,2,-23.1417569,-45.7825794,415000
701,95,3,2,2,-23.253497,-45.8829921,713000
704,166,4,2,4,-23.2082214,-45.9083253,980000
705,99,3,2,3,-23.2202839,-45.9064383,960000
706,50,2,1,1,-23.2223764,-45.8856605,320000
707,99,3,2,2,-23.2041152,-45.8853984,740000
708,62,2,1,1,-23.1961965,-45.8841151,320000
711,58,2,1,1,-23.1524341,-45.9119804,205000
712,84,3,2,2,-23.2276655,-45.9184689,545000
714,75,3,2,2,-23.1909379,-45.886436,450000
716,80,3,2,2,-23.1961965,-45.8841151,371000
719,49,2,1,1,-23.2341234,-45.9256624,385000
720,167,3,2,4,-23.2082214,-45.9083253,2500000
724,96,3,2,2,-23.2228195,-45.9104962,1050000
725,92,3,2,2,-23.1970039,-45.9084535,750000
731,70,3,1,2,-23.1775485,-45.8397078,363000
736,153,4,2,4,-23.1956647,-45.8937347,999900
739,80,3,2,2,-23.2050581,-45.9048126,700000
740,77,3,1,2,-23.2296561,-45.8785953,449000
742,100,3,1,1,-23.2341234,-45.9256624,750000
744,75,3,1,2,-23.1909379,-45.886436,450000
745,75,3,2,2,-23.1417569,-45.7825794,480000
747,101,2,1,2,-23.2266466,-45.8871058,530000
748,52,2,1,2,-23.1835998,-45.951812,450000
750,143,3,2,3,-23.2221126,-45.9095335,1650000
751,78,3,2,2,-23.2629313,-45.8910605,800000
763,85,1,2,2,-23.2190226,-45.908767,1250000
764,99,3,2,3,-23.2202839,-45.9064383,960000
765,51,1,1,1,-23.2190226,-45.908767,680000
766,142,3,2,4,-23.2327074,-45.9275569,1600000
767,84,3,1,2,-23.2216712,-45.9085912,650000
768,50,2,1,1,-23.214223,-45.851209,280000
769,63,2,1,2,-23.2499985,-45.9083387,420000
770,65,2,2,2,-23.2168256,-45.904412,695000
771,62,2,1,2,-23.1987975,-45.9352675,460000
772,90,3,2,3,-23.2221126,-45.9095335,590000
774,157,3,2,5,-23.2188486,-45.9097772,1700000
775,200,3,3,5,-23.2092982,-45.9032947,1200000
776,64,2,2,2,-23.2402544,-45.8933781,399900
778,76,3,2,2,-23.2213004,-45.8883248,478000
780,67,2,2,2,-23.2043732,-45.8959331,790000
781,147,4,2,5,-23.2087038,-45.8998756,1450000
782,83,3,2,4,-23.2067366,-45.9103019,1041569
784,125,3,2,3,-23.2228195,-45.9104962,1380000
786,78,3,2,2,-23.2154269,-45.908121,680000
787,84,3,1,2,-23.2216712,-45.9085912,650000
788,50,2,1,1,-23.214223,-45.851209,280000
789,63,2,1,2,-23.2499985,-45.9083387,420000
790,65,2,2,2,-23.2168256,-45.904412,695000
791,62,2,1,2,-23.1987975,-45.9352675,460000
792,90,3,2,3,-23.2221126,-45.9095335,590000
794,167,3,2,4,-23.2082214,-45.9083253,2500000
804,59,2,1,1,-23.2483349,-45.9081992,370000
805,42,2,1,1,-23.1698499,-45.7893012,190000
806,41,1,2,1,-23.2082214,-45.9083253,380000
807,80,3,1,2,-23.237943,-45.9011183,485000
808,40,2,1,1,-23.1698499,-45.7893012,225000
810,120,3,2,3,-23.2052682,-45.8881552,950000
812,142,4,1,4,-23.2140071,-45.841297,1000000
814,60,2,1,2,-23.2240746,-45.9180774,375000
816,440,4,3,4,-23.2057437,-45.9034166,2660000
818,64,2,2,1,-23.2050581,-45.9048126,550000
821,211,4,2,4,-23.2453896,-45.9090035,800000
823,52,2,1,1,-23.2505639,-45.8914715,290000
825,82,3,3,2,-23.2161228,-45.8885458,640000
826,33,1,1,1,-23.1979166,-45.9113619,471226
828,33,1,1,1,-23.1979166,-45.9113619,469000
829,78,3,2,2,-23.2092982,-45.9032947,500000
830,65,2,1,2,-23.2216712,-45.9085912,460000
831,61,2,1,1,-23.2307302,-45.8975618,400000
832,68,2,1,1,-23.1757366,-45.8180771,300000
833,105,3,2,2,-23.2052682,-45.8881552,650000
834,63,2,3,2,-23.2415541,-45.9145547,430000
836,102,4,2,2,-23.2534054,-45.9166353,700000
837,58,2,1,2,-23.1909379,-45.886436,371000
838,60,2,1,2,-23.1841579,-45.9547335,399901
839,245,4,3,5,-23.2082214,-45.9083253,2600000
840,110,3,2,2,-23.2071612,-45.9009565,1199000
843,67,2,1,1,-23.1504945,-45.9008396,280000
845,64,3,1,2,-23.1805844,-45.8471383,380000
846,48,1,1,1,-23.2190226,-45.908767,505470
847,177,4,4,4,-23.2012499,-45.8834841,960000
849,80,3,1,2,-23.2210113,-45.8861064,480000
850,53,2,1,2,-23.2353431,-45.8919376,390000
852,33,1,1,1,-23.1979166,-45.9113619,469000
853,78,3,2,2,-23.2092982,-45.9032947,500000
855,105,4,2,3,-23.2210113,-45.8861064,692000
856,194,3,3,5,-23.2127421,-45.9069145,2400000
857,48,2,1,1,-23.2629313,-45.8910605,265000
859,60,2,1,1,-23.2240746,-45.9180774,350000
861,60,2,1,2,-23.2202839,-45.9064383,598000
865,54,2,1,2,-23.1839915,-45.8762111,318000
867,60,2,1,2,-23.2308616,-45.8942314,430000
868,54,2,1,2,-23.2260246,-45.8795999,349000
869,99,3,2,3,-23.2202839,-45.9064383,960000
871,176,3,3,5,-23.2057437,-45.9034166,1600000
875,77,3,2,1,-23.2220332,-45.9199542,615000
876,55,2,1,1,-23.1982391,-45.8827334,410000
879,44,2,1,1,-23.1836107,-45.8043034,240000
880,51,2,1,1,-23.185844,-45.8684832,230000
881,48,2,1,1,-23.2341234,-45.9256624,350000
882,118,3,2,2,-23.2032757,-45.8935241,960000
883,100,3,1,2,-23.1982391,-45.8931441,721000
884,124,4,3,3,-23.1979166,-45.9113619,1090000
886,156,4,3,3,-23.2327074,-45.9275569,1400000
888,52,2,1,1,-23.2432353,-45.8932115,320000
889,51,2,1,2,-23.1827844,-45.9503959,441975
890,74,3,1,1,-23.23324,-45.8887626,550000
891,147,3,2,4,-23.2087038,-45.8998756,1580000
892,33,1,1,1,-23.1979166,-45.9113619,467000
893,60,2,1,2,-23.1841579,-45.9547335,419900
895,33,1,1,1,-23.1956647,-45.8937347,237414
897,125,4,2,3,-23.2044684,-45.9010444,639000
898,105,3,2,2,-23.2027939,-45.8950075,910000
899,122,3,2,2,-23.2341234,-45.9256624,1230000
900,143,3,2,2,-23.2221126,-45.9095335,1650000
902,93,3,1,2,-23.1903996,-45.8891452,420000
905,52,2,1,1,-23.2432353,-45.8932115,320000
906,51,2,1,2,-23.1827844,-45.9503959,441975
907,64,2,1,2,-23.2244165,-45.9087258,600000
908,56,2,1,1,-23.2602632,-45.9113258,372000
909,74,3,1,1,-23.23324,-45.8887626,550000
910,147,3,2,4,-23.2087038,-45.8998756,1580000
911,33,1,1,1,-23.1979166,-45.9113619,467000
912,60,2,1,2,-23.1841579,-45.9547335,419900
914,133,2,2,3,-23.2092982,-45.9032947,1500000
915,120,4,2,3,-23.2629313,-45.8910605,954000
916,143,3,2,2,-23.2221126,-45.9095335,1650000
917,75,3,2,1,-23.2426379,-45.9152427,720000
918,46,2,1,1,-23.1836107,-45.8043034,235000
919,62,2,1,2,-23.2092982,-45.9032947,615201
920,96,3,1,2,-23.1982391,-45.8931441,490000
921,136,4,3,3,-23.2028182,-45.9003141,1290000
923,69,2,1,1,-23.2234015,-45.9108105,860000
924,68,3,1,1,-23.2210113,-45.8861064,424000
925,122,3,2,3,-23.2153165,-45.9095676,1050000
926,42,2,1,1,-23.1982095,-45.7950202,182000
929,150,3,2,5,-23.2071612,-45.9009565,1540000
930,183,4,3,6,-23.2151853,-45.9090412,1699000
931,156,4,3,3,-23.2327074,-45.9275569,1400000
932,60,2,1,2,-23.1843507,-45.9497004,419900
933,56,2,1,2,-23.2008318,-45.8830378,520000
934,125,3,1,3,-23.2032757,-45.8935241,550000
937,80,3,1,1,-23.1985042,-45.9128647,670000
938,102,3,2,2,-23.2027939,-45.8950075,851000
940,65,2,2,2,-23.2168256,-45.904412,690000
941,49,2,1,2,-23.2183721,-45.8486469,340000
942,74,3,1,1,-23.1417569,-45.7825794,426000
944,168,4,2,2,-23.1921333,-45.8926102,970000
945,410,4,5,5,-23.2170569,-45.9088967,4800000
947,89,3,2,2,-23.2052682,-45.8881552,725000
949,115,2,1,2,-23.1835214,-45.8878957,425000
950,65,2,2,1,-23.2050581,-45.9048126,555000
952,120,3,1,2,-23.2200324,-45.8872035,410000
953,40,2,1,1,-23.20709,-45.7395683,180000
954,59,3,1,2,-23.2002824,-45.8940021,435000
955,76,3,2,1,-23.2021984,-45.8610226,520000
957,157,4,2,4,-23.1979166,-45.9113619,2067000
959,100,3,2,3,-23.2341234,-45.9256624,990000
960,142,3,3,3,-23.2327074,-45.9275569,1350000
962,47,2,1,1,-23.2505934,-45.8275902,230000
964,56,2,1,2,-23.2183721,-45.8486469,351000
966,80,3,1,2,-23.237943,-45.9011183,465000
969,65,3,1,2,-23.176123,-45.8595635,370390
971,55,2,1,1,-23.1966424,-45.8804728,382000
973,152,3,2,4,-23.2058824,-45.9025149,1665000
976,110,3,2,3,-23.2071612,-45.9009565,1199000
977,73,3,1,2,-23.2041152,-45.8853984,470000
978,140,3,3,5,-23.2327074,-45.9275569,1275000
979,108,3,2,2,-23.2202839,-45.9064383,1060000
986,48,2,1,1,-23.2629313,-45.8910605,265000
987,73,3,1,2,-23.1775485,-45.8397078,510000
990,267,5,3,6,-23.2157422,-45.9060993,2050000
991,56,2,1,2,-23.2402544,-45.8933781,369900
993,90,3,2,2,-23.221044,-45.909243,820000
997,115,3,2,2,-23.2092982,-45.9032947,750000
998,147,3,3,5,-23.2221126,-45.9095335,1380000
1000,78,3,2,2,-23.2265205,-45.8968879,580000
1002,82,2,2,2,-23.1976423,-45.8819124,580000
1005,119,4,3,1,-23.1968045,-45.8943248,773000
1007,91,3,2,3,-23.2034236,-45.9105214,1133800
1009,80,2,2,2,-23.2228195,-45.9104962,945000
1012,65,2,1,1,-23.2534054,-45.9166353,450000
1013,58,2,1,2,-23.1772026,-45.8450329,352000
1014,52,2,1,1,-23.2004399,-45.8826047,480000
1015,94,3,2,2,-23.2461706,-45.9154222,850000
1016,40,1,1,1,-23.2032757,-45.8935241,315000
1020,76,2,1,2,-23.2534054,-45.9166353,750000
1021,66,2,2,2,-23.2534054,-45.9166353,710000
1023,70,3,3,2,-23.2092982,-45.9032947,710000
1024,50,2,1,1,-23.1775485,-45.8397078,195000
1025,64,2,1,2,-23.2341477,-45.9050416,660000
1026,61,2,2,2,-23.2213004,-45.8883248,425000
1027,100,3,2,2,-23.1944997,-45.8856908,640000
1028,56,2,1,2,-23.178166,-45.8593723,429556
1031,46,2,1,1,-23.1836107,-45.8043034,243800
1033,61,2,1,2,-23.2210113,-45.8861064,400000
1034,140,4,2,3,-23.2071612,-45.9009565,1300000
1035,194,3,3,5,-23.2127421,-45.9069145,2400000
1036,75,2,2,2,-23.1956647,-45.8937347,955000
1039,54,2,1,1,-23.2505639,-45.8914715,325000
1042,55,2,1,1,-23.2028182,-45.9003141,500000
1043,111,3,2,2,-23.1976423,-45.8819124,800000
1046,160,3,2,4,-23.2170569,-45.9088967,2200000
1047,48,3,1,2,-23.2499985,-45.9083387,430000
1049,156,3,3,4,-23.2327074,-45.9275569,1700000
1050,87,2,2,3,-23.2078926,-45.8966025,1100000
1058,50,2,1,1,-23.2253021,-45.9016713,230000
1060,83,2,2,2,-23.215405,-45.9074207,750000
1062,65,2,2,1,-23.2050581,-45.9048126,590000
1064,65,2,1,1,-23.2267306,-45.9036805,525000
1070,97,3,2,2,-23.2247129,-45.9052256,585000
1075,54,2,1,2,-23.1843507,-45.9497004,375000
1076,76,3,1,4,-23.2629313,-45.8910605,765000
1080,183,4,3,6,-23.2151853,-45.9090412,1699000
1082,108,2,1,1,-23.1835214,-45.8878957,380000
1083,77,2,1,1,-23.2466231,-45.8948605,320000
1085,66,2,1,2,-23.2361199,-45.9026307,515000
1087,42,2,1,1,-23.1775485,-45.8397078,190000
1088,87,3,2,2,-23.1624499,-45.8939949,580000
1089,75,2,2,2,-23.2341234,-45.9256624,880000
1092,73,3,2,2,-23.2008318,-45.8830378,670000
1094,100,2,2,3,-23.2341234,-45.9256624,890000
1095,33,1,1,1,-23.1979166,-45.9113619,471226
1097,80,2,2,2,-23.2409567,-45.914431,680000
1098,103,3,2,2,-23.2027939,-45.8950075,900000
1099,53,2,1,1,-23.1780209,-45.8803006,360000
1103,98,3,1,1,-23.2043397,-45.8882488,520000
1106,139,3,2,1,-23.1961965,-45.8841151,640000
1107,80,3,2,2,-23.2400181,-45.9134951,640000
1108,76,3,1,1,-23.23324,-45.8887626,450000
1109,122,3,2,3,-23.2341234,-45.9256624,1190000
1110,127,4,2,4,-23.1979166,-45.9113619,990000
1115,63,3,2,2,-23.2402544,-45.8933781,419900
1116,95,3,1,2,-23.1750798,-45.8859774,380000
1117,50,2,1,1,-23.2253021,-45.9016713,230000
1118,160,3,3,3,-23.2221126,-45.9095335,1200000
1119,90,3,2,3,-23.2221126,-45.9095335,590000
1120,70,3,3,2,-23.2092982,-45.9032947,710000
1123,122,3,2,3,-23.2327074,-45.9275569,1250000
1125,267,5,3,6,-23.2157422,-45.9060993,2050000
1127,65,2,1,1,-23.1754125,-45.8567745,265000
1128,56,2,1,1,-23.2008318,-45.8830378,520000
1129,50,2,1,1,-23.260462,-45.8971935,299900
1130,63,3,2,2,-23.2161228,-45.8885458,600000
1132,60,2,1,2,-23.237943,-45.9011183,389000
1135,49,2,1,1,-23.1939714,-45.8981587,313000
1137,48,2,1,1,-23.2505934,-45.8275902,195000
1138,65,3,2,2,-23.1827844,-45.9503959,450000
1142,65,2,1,2,-23.2400181,-45.9134951,584390
1143,48,2,1,2,-23.2400181,-45.9134951,375000
1146,46,2,1,1,-23.1698499,-45.7893012,180000
1148,68,3,1,2,-23.2213004,-45.8883248,371000
1151,57,2,1,1,-23.2008318,-45.8830378,505000
1152,75,2,2,2,-23.2151853,-45.9090412,798000
1154,55,2,1,2,-23.2534054,-45.9166353,550000
1155,115,4,2,3,-23.2629313,-45.8910605,660000
1156,99,3,2,3,-23.2202839,-45.9064383,960000
1157,48,2,1,1,-23.1745967,-45.7865609,160000
1158,53,2,1,1,-23.1534653,-45.9029443,195000
1160,570,1,2,1,-23.2092982,-45.9032947,745000
1161,81,2,1,2,-23.2202839,-45.9064383,800000
1164,66,3,2,2,-23.2341234,-45.9256624,489846
1165,69,3,1,2,-23.2499985,-45.9083387,465000
1167,147,3,2,4,-23.2087038,-45.8998756,1422000
1169,88,3,2,2,-23.253497,-45.8829921,700000
1170,245,4,3,5,-23.2082214,-45.9083253,2600000
1172,80,3,2,2,-23.1961965,-45.8841151,372000
1173,56,1,1,1,-23.1921333,-45.8926102,360000
1175,114,4,2,1,-23.2205233,-45.9051222,658000
1176,96,3,2,3,-23.2153165,-45.9095676,960000
1177,65,3,1,2,-23.214223,-45.851209,371000
1178,60,2,1,1,-23.2240746,-45.9180774,360000
1182,33,1,1,1,-23.1956647,-45.8937347,237414
1184,64,2,1,2,-23.2013346,-45.9462429,580000
1186,100,3,1,1,-23.197075,-45.8888198,450000
1188,68,2,2,2,-23.2092982,-45.9032947,515000
1192,47,2,1,1,-23.1579879,-45.8933432,200000
1194,66,2,1,2,-23.1772014,-45.8853048,356000
1195,85,3,1,1,-23.195438,-45.8943621,550000
1197,80,2,2,1,-23.2038811,-45.9021055,904945
1198,62,2,1,2,-23.2285629,-45.8969811,365000
1199,259,4,3,6,-23.2082214,-45.9083253,3250000
1200,120,4,2,4,-23.2261461,-45.9074786,1715839
1201,156,3,3,3,-23.2327074,-45.9275569,1430000
1202,62,2,1,2,-23.2285629,-45.8969811,365000
1204,65,2,1,2,-23.2319718,-45.8942925,385000
1205,40,1,1,1,-23.1775485,-45.8397078,293000
1207,80,3,1,2,-23.2220332,-45.9199542,615000
1215,60,3,2,2,-23.2629313,-45.8910605,429900
1216,105,3,2,3,-23.2071612,-45.9009565,890000
1217,43,1,1,1,-23.2223764,-45.8856605,286200
1219,65,2,1,1,-23.2240746,-45.9180774,350000
1220,79,2,2,1,-23.2311239,-45.9066157,611000
1223,40,1,1,1,-23.2034889,-45.8845846,300000
1226,66,3,6,1,-23.2327074,-45.9275569,361000
1228,56,2,1,2,-23.1956647,-45.8937347,400000
1230,182,4,4,4,-23.2071612,-45.9009565,1969000
1233,55,2,1,1,-23.202293,-45.906894,460000
1234,54,2,1,2,-23.176123,-45.8595635,335001
1235,81,3,1,2,-23.1970974,-45.8881419,430000
1245,73,2,2,2,-23.2038811,-45.9021055,816573
1247,65,3,1,2,-23.2213004,-45.8883248,350000
1249,58,2,1,2,-23.159038,-45.8933258,360000
1252,49,1,1,1,-23.1968045,-45.8943248,373000
1260,52,2,1,1,-23.2432353,-45.8932115,340000
1261,147,4,2,5,-23.2087038,-45.8998756,1450000
1262,53,2,1,1,-23.2645046,-45.8897409,235000
1263,56,2,1,2,-23.1911762,-45.890048,360000
1264,60,2,1,1,-23.2345204,-45.9005088,370000
1267,47,2,1,1,-23.2662638,-45.8865331,220000
1269,40,1,1,1,-23.1968045,-45.8943248,360000
1273,78,1,1,2,-23.2157422,-45.9060993,750000
1277,55,2,1,1,-23.2206945,-45.9101028,590000
1281,50,2,2,1,-23.1873359,-45.7967809,175000
1283,118,3,1,2,-23.2029298,-45.8920947,795000
1284,350,4,3,4,-23.1970039,-45.9084535,3400000
1285,48,2,1,1,-23.198815,-45.7895881,190000
1286,77,3,1,2,-23.2200575,-45.8896572,530000
1289,82,3,2,2,-23.2426379,-45.9152427,760000
1290,193,4,4,5,-23.2170569,-45.9088967,2800000
1291,100,3,1,1,-23.197075,-45.8888198,450000
1293,85,2,2,2,-23.2629313,-45.8910605,739000
1296,146,4,2,4,-23.20281,-45.8926001,950000
1304,150,3,4,4,-23.1976423,-45.8819124,1100000
1305,143,3,2,3,-23.2221126,-45.9095335,1550000
1306,109,3,2,3,-23.1841579,-45.9547335,795000
1307,123,3,2,2,-23.2341234,-45.9256624,1220000
1308,47,2,1,1,-23.2434773,-45.9058528,250000
1311,70,2,1,2,-23.2400181,-45.9134951,450000
1314,63,2,2,1,-23.2534054,-45.9166353,650000
1315,57,2,1,1,-23.2505934,-45.8275902,200000
1316,108,3,2,3,-23.2081295,-45.8916807,890000
1317,44,2,1,1,-23.2342151,-45.912516,299000
1318,62,2,2,2,-23.2202195,-45.8937188,415000
1319,45,2,1,1,-23.2265205,-45.8968879,230000
1324,87,3,2,2,-23.2296561,-45.8785953,700000
1327,51,2,1,1,-23.2034889,-45.8845846,282000
1332,90,3,2,3,-23.2228195,-45.9104962,955000
1334,70,3,2,2,-23.1841579,-45.9547335,595000
1335,194,3,3,5,-23.2127421,-45.9069145,2300000
1337,51,2,1,1,-23.2034889,-45.8845846,282000
1341,45,2,1,1,-23.1676853,-45.8939214,190000
1342,43,2,1,1,-23.2341234,-45.9256624,330000
1345,99,3,2,1,-23.2213004,-45.8883248,720000
1349,133,3,2,3,-23.2082214,-45.9083253,1700000
1352,52,2,1,1,-23.2227325,-45.8949678,371000
1353,68,3,1,2,-23.2534054,-45.9166353,415000
1355,45,2,1,1,-23.1698499,-45.7893012,180200
1357,77,3,2,2,-23.2050581,-45.9048126,700000
1359,63,1,1,1,-23.2041152,-45.8853984,478001
1360,55,2,1,2,-23.2534054,-45.9166353,600000
1361,107,3,2,3,-23.2082214,-45.9083253,1150000
1364,183,4,3,6,-23.2151853,-45.9090412,1699000
1366,64,2,1,2,-23.2013346,-45.9462429,580000
1367,90,3,1,2,-23.2223764,-45.8856605,350000
1370,50,2,1,1,-23.2502173,-45.9170663,295000
1371,80,3,2,2,-23.2050581,-45.9048126,718000
1379,156,3,3,3,-23.2327074,-45.9275569,1430000
1380,120,3,2,4,-23.2038811,-45.9021055,1650000
1391,90,3,2,2,-23.221044,-45.909243,990000
1393,66,2,1,1,-23.2409567,-45.914431,240000
1395,82,3,2,2,-23.2161228,-45.8885458,555000
1403,90,3,1,2,-23.2228195,-45.9104962,910000
1406,63,2,1,2,-23.2244165,-45.9087258,680000
1409,167,3,2,3,-23.2082214,-45.9083253,2500000
1411,73,2,2,2,-23.2038811,-45.9021055,816573
1412,65,3,1,2,-23.2213004,-45.8883248,345000
1418,53,2,1,2,-23.1678517,-45.8357389,240000
1419,48,1,1,1,-23.2028942,-45.950933,260000
1425,143,3,2,3,-23.2221126,-45.9095335,1550000
1428,33,1,1,1,-23.1979166,-45.9113619,456000
1430,57,3,1,2,-23.2213004,-45.8883248,370000
1433,108,3,2,1,-23.2174699,-45.9045629,850000
1434,63,3,2,1,-23.2499985,-45.9083387,400000
1436,72,2,2,2,-23.1417569,-45.7825794,385000
1438,48,2,1,1,-23.0784079,-44.961914,297000
1439,194,3,3,3,-23.2127421,-45.9069145,2850000
1440,82,3,2,2,-23.2161228,-45.8885458,521900
1441,267,5,3,6,-23.2157422,-45.9060993,2050000
1442,50,2,1,1,-23.2349354,-45.9160047,240000
1447,70,2,2,2,-23.2043732,-45.8959331,800000
1448,79,2,2,2,-23.2311239,-45.9066157,531832
1449,75,2,1,2,-23.1982391,-45.8827334,640000
1452,67,2,1,1,-23.2602632,-45.9113258,351450
1454,98,2,2,3,-23.2190993,-45.9082337,1700000
1455,143,3,2,3,-23.2221126,-45.9095335,1650000
1456,70,3,2,2,-23.1841579,-45.9547335,595000
1457,45,1,1,1,-23.2007671,-45.8882887,269000
1458,48,2,1,1,-23.2400181,-45.9134951,299000
1459,85,3,2,2,-23.1767396,-45.8279302,380000
1463,75,2,1,2,-23.1982391,-45.8827334,640000
1464,43,2,1,1,-23.2710602,-45.8625975,200000
1467,143,3,2,2,-23.2221126,-45.9095335,1650000
1469,90,2,2,1,-23.2228195,-45.9104962,900000
1470,155,3,2,4,-23.2071612,-45.9009565,1350000
1474,62,2,2,2,-23.2202195,-45.8937188,487000
1478,90,3,2,1,-23.1970039,-45.9084535,890000
1479,62,2,2,2,-23.2202195,-45.8937188,450000
1480,50,2,1,1,-23.2253021,-45.9016713,234000
1481,77,3,2,2,-23.1985042,-45.9128647,540000
1483,110,3,2,3,-23.2071612,-45.9009565,750000
1484,82,3,2,2,-23.2161228,-45.8885458,521900
1485,90,3,2,2,-23.2629313,-45.8910605,795000
1486,245,4,3,5,-23.2082214,-45.9083253,2600000
1487,85,3,1,2,-23.2216712,-45.9085912,650000
1491,54,2,1,1,-23.1715281,-45.7891455,215000
1493,82,2,2,2,-23.1985042,-45.9128647,744000
1494,58,2,1,2,-23.2721017,-45.8642725,215000
1495,82,3,1,2,-23.1970974,-45.8881419,578000
1497,73,2,1,1,-23.1909379,-45.886436,390000
